ID,Name,Category,Subcategory,Source,Priority,Status,Mockup Version,Approved Version,Production Version,Representation,Rig,Animation,VFX,Notes
obj:2427,a wardrobe,container,container,./dat/objects.srv,P0,TODO,,,,MESH,NONE,NONE,NONE,
obj:2428,a wardrobe,container,container,./dat/objects.srv,P0,TODO,,,,SHARED_CANDIDATE:obj:2427,NONE,NONE,NONE,
obj:2434,drawers,container,container,./dat/objects.srv,P0,TODO,,,,SHARED_CANDIDATE:obj:2431,NONE,NONE,NONE,
obj:2435,a bookcase,container,container,./dat/objects.srv,P0,TODO,,,,MESH,NONE,NONE,NONE,
obj:2436,a bookcase,container,container,./dat/objects.srv,P0,TODO,,,,SHARED_CANDIDATE:obj:2435,NONE,NONE,NONE,
obj:2437,a bookcase,container,container,./dat/objects.srv,P0,TODO,,,,SHARED_CANDIDATE:obj:2435,NONE,NONE,NONE,
obj:2469,a box,container,container,./dat/objects.srv,P0,TODO,,,,MESH,NONE,NONE,NONE,
obj:2471,a crate,container,container,./dat/objects.srv,P0,TODO,,,,MESH,NONE,NONE,NONE,
obj:2472,a chest,container,container,./dat/objects.srv,P0,TODO,,,,MESH,NONE,NONE,NONE,
obj:2473,a box,container,container,./dat/objects.srv,P0,TODO,,,,SHARED_CANDIDATE:obj:2469,NONE,NONE,NONE,
obj:2523,a barrel,container,container,./dat/objects.srv,P0,TODO,,,,SHARED_CANDIDATE:obj:2519,NONE,NONE,NONE,
obj:1081,a mountain,decoration,bottom_overlay,./dat/objects.srv,P0,TODO,,,,MESH,NONE,NONE,NONE,
obj:1082,a mountain,decoration,bottom_overlay,./dat/objects.srv,P0,TODO,,,,SHARED_CANDIDATE:obj:1081,NONE,NONE,NONE,
obj:1084,a mountain,decoration,bottom_overlay,./dat/objects.srv,P0,TODO,,,,SHARED_CANDIDATE:obj:1081,NONE,NONE,NONE,
obj:1085,a mountain,decoration,bottom_overlay,./dat/objects.srv,P0,TODO,,,,SHARED_CANDIDATE:obj:1081,NONE,NONE,NONE,
obj:1086,a mountain,decoration,bottom_overlay,./dat/objects.srv,P0,TODO,,,,SHARED_CANDIDATE:obj:1081,NONE,NONE,NONE,
obj:1112,a mountain,decoration,bottom_overlay,./dat/objects.srv,P0,TODO,,,,SHARED_CANDIDATE:obj:1081,NONE,NONE,NONE,
obj:1113,a mountain,decoration,bottom_overlay,./dat/objects.srv,P0,TODO,,,,SHARED_CANDIDATE:obj:1081,NONE,NONE,NONE,
obj:1114,a mountain,decoration,bottom_overlay,./dat/objects.srv,P0,TODO,,,,SHARED_CANDIDATE:obj:1081,NONE,NONE,NONE,
obj:1115,a mountain,decoration,bottom_overlay,./dat/objects.srv,P0,TODO,,,,SHARED_CANDIDATE:obj:1081,NONE,NONE,NONE,
obj:1116,a mountain,decoration,bottom_overlay,./dat/objects.srv,P0,TODO,,,,SHARED_CANDIDATE:obj:1081,NONE,NONE,NONE,
obj:1117,a mountain,decoration,bottom_overlay,./dat/objects.srv,P0,TODO,,,,SHARED_CANDIDATE:obj:1081,NONE,NONE,NONE,
obj:1118,a mountain,decoration,bottom_overlay,./dat/objects.srv,P0,TODO,,,,SHARED_CANDIDATE:obj:1081,NONE,NONE,NONE,
obj:1119,a mountain,decoration,bottom_overlay,./dat/objects.srv,P0,TODO,,,,SHARED_CANDIDATE:obj:1081,NONE,NONE,NONE,
obj:1120,a mountain,decoration,bottom_overlay,./dat/objects.srv,P0,TODO,,,,SHARED_CANDIDATE:obj:1081,NONE,NONE,NONE,
obj:1121,a mountain,decoration,bottom_overlay,./dat/objects.srv,P0,TODO,,,,SHARED_CANDIDATE:obj:1081,NONE,NONE,NONE,
obj:1270,a brick wall,decoration,bottom_overlay,./dat/objects.srv,P0,TODO,,,,MESH,NONE,NONE,NONE,
obj:1271,a brick wall,decoration,bottom_overlay,./dat/objects.srv,P0,TODO,,,,SHARED_CANDIDATE:obj:1270,NONE,NONE,NONE,
obj:1272,a brick wall,decoration,bottom_overlay,./dat/objects.srv,P0,TODO,,,,SHARED_CANDIDATE:obj:1270,NONE,NONE,NONE,
obj:1273,a brick wall,decoration,bottom_overlay,./dat/objects.srv,P0,TODO,,,,SHARED_CANDIDATE:obj:1270,NONE,NONE,NONE,
obj:1274,a brick wall,decoration,bottom_overlay,./dat/objects.srv,P0,TODO,,,,SHARED_CANDIDATE:obj:1270,NONE,NONE,NONE,
obj:1275,a brick wall,decoration,bottom_overlay,./dat/objects.srv,P0,TODO,,,,SHARED_CANDIDATE:obj:1270,NONE,NONE,NONE,
obj:1276,a brick wall,decoration,bottom_overlay,./dat/objects.srv,P0,TODO,,,,SHARED_CANDIDATE:obj:1270,NONE,NONE,NONE,
obj:1277,a brick wall,decoration,bottom_overlay,./dat/objects.srv,P0,TODO,,,,SHARED_CANDIDATE:obj:1270,NONE,NONE,NONE,
obj:1278,a brick wall,decoration,bottom_overlay,./dat/objects.srv,P0,TODO,,,,SHARED_CANDIDATE:obj:1270,NONE,NONE,NONE,
obj:1279,a brick wall,decoration,bottom_overlay,./dat/objects.srv,P0,TODO,,,,SHARED_CANDIDATE:obj:1270,NONE,NONE,NONE,
obj:1280,a brick wall,decoration,bottom_overlay,./dat/objects.srv,P0,TODO,,,,SHARED_CANDIDATE:obj:1270,NONE,NONE,NONE,
obj:1281,a framework wall,decoration,bottom_overlay,./dat/objects.srv,P0,TODO,,,,MESH,NONE,NONE,NONE,
obj:1282,a framework wall,decoration,bottom_overlay,./dat/objects.srv,P0,TODO,,,,SHARED_CANDIDATE:obj:1281,NONE,NONE,NONE,
obj:1283,a framework wall,decoration,bottom_overlay,./dat/objects.srv,P0,TODO,,,,SHARED_CANDIDATE:obj:1281,NONE,NONE,NONE,
obj:1284,a framework wall,decoration,bottom_overlay,./dat/objects.srv,P0,TODO,,,,SHARED_CANDIDATE:obj:1281,NONE,NONE,NONE,
obj:1285,a framework wall,decoration,bottom_overlay,./dat/objects.srv,P0,TODO,,,,SHARED_CANDIDATE:obj:1281,NONE,NONE,NONE,
obj:1286,a framework wall,decoration,bottom_overlay,./dat/objects.srv,P0,TODO,,,,SHARED_CANDIDATE:obj:1281,NONE,NONE,NONE,
obj:1287,a framework wall,decoration,bottom_overlay,./dat/objects.srv,P0,TODO,,,,SHARED_CANDIDATE:obj:1281,NONE,NONE,NONE,
obj:1288,a framework wall,decoration,bottom_overlay,./dat/objects.srv,P0,TODO,,,,SHARED_CANDIDATE:obj:1281,NONE,NONE,NONE,
obj:1289,a framework wall,decoration,bottom_overlay,./dat/objects.srv,P0,TODO,,,,SHARED_CANDIDATE:obj:1281,NONE,NONE,NONE,
obj:1290,a framework wall,decoration,bottom_overlay,./dat/objects.srv,P0,TODO,,,,SHARED_CANDIDATE:obj:1281,NONE,NONE,NONE,
obj:1291,a framework wall,decoration,bottom_overlay,./dat/objects.srv,P0,TODO,,,,SHARED_CANDIDATE:obj:1281,NONE,NONE,NONE,
obj:1292,a framework wall,decoration,bottom_overlay,./dat/objects.srv,P0,TODO,,,,SHARED_CANDIDATE:obj:1281,NONE,NONE,NONE,
obj:1293,a framework wall,decoration,bottom_overlay,./dat/objects.srv,P0,TODO,,,,SHARED_CANDIDATE:obj:1281,NONE,NONE,NONE,
obj:1294,a stone wall,decoration,bottom_overlay,./dat/objects.srv,P0,TODO,,,,MESH,NONE,NONE,NONE,
obj:1295,a stone wall,decoration,bottom_overlay,./dat/objects.srv,P0,TODO,,,,SHARED_CANDIDATE:obj:1294,NONE,NONE,NONE,
obj:1296,a stone wall,decoration,bottom_overlay,./dat/objects.srv,P0,TODO,,,,SHARED_CANDIDATE:obj:1294,NONE,NONE,NONE,
obj:1297,a stone wall,decoration,bottom_overlay,./dat/objects.srv,P0,TODO,,,,SHARED_CANDIDATE:obj:1294,NONE,NONE,NONE,
obj:1298,a stone wall,decoration,bottom_overlay,./dat/objects.srv,P0,TODO,,,,SHARED_CANDIDATE:obj:1294,NONE,NONE,NONE,
obj:1299,a stone wall,decoration,bottom_overlay,./dat/objects.srv,P0,TODO,,,,SHARED_CANDIDATE:obj:1294,NONE,NONE,NONE,
obj:1300,a stone wall,decoration,bottom_overlay,./dat/objects.srv,P0,TODO,,,,SHARED_CANDIDATE:obj:1294,NONE,NONE,NONE,
obj:1301,a stone wall,decoration,bottom_overlay,./dat/objects.srv,P0,TODO,,,,SHARED_CANDIDATE:obj:1294,NONE,NONE,NONE,
obj:1302,a stone wall,decoration,bottom_overlay,./dat/objects.srv,P0,TODO,,,,SHARED_CANDIDATE:obj:1294,NONE,NONE,NONE,
obj:1303,a stone wall,decoration,bottom_overlay,./dat/objects.srv,P0,TODO,,,,SHARED_CANDIDATE:obj:1294,NONE,NONE,NONE,
obj:1735,a framework window,decoration,bottom_overlay,./dat/objects.srv,P0,TODO,,,,SHARED_CANDIDATE:obj:1734,NONE,NONE,NONE,
obj:1772,a stone,decoration,bottom_overlay,./dat/objects.srv,P0,TODO,,,,MESH,NONE,NONE,NONE,
obj:1773,a stone,decoration,bottom_overlay,./dat/objects.srv,P0,TODO,,,,SHARED_CANDIDATE:obj:1772,NONE,NONE,NONE,
obj:1774,a stone,decoration,bottom_overlay,./dat/objects.srv,P0,TODO,,,,SHARED_CANDIDATE:obj:1772,NONE,NONE,NONE,
obj:1775,a stone,decoration,bottom_overlay,./dat/objects.srv,P0,TODO,,,,SHARED_CANDIDATE:obj:1772,NONE,NONE,NONE,
obj:1776,a stone,decoration,bottom_overlay,./dat/objects.srv,P0,TODO,,,,SHARED_CANDIDATE:obj:1772,NONE,NONE,NONE,
obj:1777,a stone,decoration,bottom_overlay,./dat/objects.srv,P0,TODO,,,,SHARED_CANDIDATE:obj:1772,NONE,NONE,NONE,
obj:1778,a stone,decoration,bottom_overlay,./dat/objects.srv,P0,TODO,,,,SHARED_CANDIDATE:obj:1772,NONE,NONE,NONE,
obj:1779,a stone,decoration,bottom_overlay,./dat/objects.srv,P0,TODO,,,,SHARED_CANDIDATE:obj:1772,NONE,NONE,NONE,
obj:1787,a stone,decoration,bottom_overlay,./dat/objects.srv,P0,TODO,,,,SHARED_CANDIDATE:obj:1772,NONE,NONE,NONE,
obj:1788,a stone,decoration,bottom_overlay,./dat/objects.srv,P0,TODO,,,,SHARED_CANDIDATE:obj:1772,NONE,NONE,NONE,
obj:1789,a stone,decoration,bottom_overlay,./dat/objects.srv,P0,TODO,,,,SHARED_CANDIDATE:obj:1772,NONE,NONE,NONE,
obj:1790,a stone,decoration,bottom_overlay,./dat/objects.srv,P0,TODO,,,,SHARED_CANDIDATE:obj:1772,NONE,NONE,NONE,
obj:1791,a stone,decoration,bottom_overlay,./dat/objects.srv,P0,TODO,,,,SHARED_CANDIDATE:obj:1772,NONE,NONE,NONE,
obj:1792,a stone,decoration,bottom_overlay,./dat/objects.srv,P0,TODO,,,,SHARED_CANDIDATE:obj:1772,NONE,NONE,NONE,
obj:1793,a stone,decoration,bottom_overlay,./dat/objects.srv,P0,TODO,,,,SHARED_CANDIDATE:obj:1772,NONE,NONE,NONE,
obj:1794,debris,decoration,bottom_overlay,./dat/objects.srv,P0,TODO,,,,MESH,NONE,NONE,NONE,
obj:1795,debris,decoration,bottom_overlay,./dat/objects.srv,P0,TODO,,,,SHARED_CANDIDATE:obj:1794,NONE,NONE,NONE,
obj:1796,debris,decoration,bottom_overlay,./dat/objects.srv,P0,TODO,,,,SHARED_CANDIDATE:obj:1794,NONE,NONE,NONE,
obj:1797,debris,decoration,bottom_overlay,./dat/objects.srv,P0,TODO,,,,SHARED_CANDIDATE:obj:1794,NONE,NONE,NONE,
obj:1798,debris,decoration,bottom_overlay,./dat/objects.srv,P0,TODO,,,,SHARED_CANDIDATE:obj:1794,NONE,NONE,NONE,
obj:1799,debris,decoration,bottom_overlay,./dat/objects.srv,P0,TODO,,,,SHARED_CANDIDATE:obj:1794,NONE,NONE,NONE,
obj:1800,debris,decoration,bottom_overlay,./dat/objects.srv,P0,TODO,,,,SHARED_CANDIDATE:obj:1794,NONE,NONE,NONE,
obj:1808,debris,decoration,bottom_overlay,./dat/objects.srv,P0,TODO,,,,SHARED_CANDIDATE:obj:1794,NONE,NONE,NONE,
obj:1809,debris,decoration,bottom_overlay,./dat/objects.srv,P0,TODO,,,,SHARED_CANDIDATE:obj:1794,NONE,NONE,NONE,
obj:1810,debris,decoration,bottom_overlay,./dat/objects.srv,P0,TODO,,,,SHARED_CANDIDATE:obj:1794,NONE,NONE,NONE,
obj:1811,debris,decoration,bottom_overlay,./dat/objects.srv,P0,TODO,,,,SHARED_CANDIDATE:obj:1794,NONE,NONE,NONE,
obj:1813,debris,decoration,bottom_overlay,./dat/objects.srv,P0,TODO,,,,SHARED_CANDIDATE:obj:1794,NONE,NONE,NONE,
obj:1814,debris,decoration,bottom_overlay,./dat/objects.srv,P0,TODO,,,,SHARED_CANDIDATE:obj:1794,NONE,NONE,NONE,
obj:1815,debris,decoration,bottom_overlay,./dat/objects.srv,P0,TODO,,,,SHARED_CANDIDATE:obj:1794,NONE,NONE,NONE,
obj:1816,debris,decoration,bottom_overlay,./dat/objects.srv,P0,TODO,,,,SHARED_CANDIDATE:obj:1794,NONE,NONE,NONE,
obj:1817,debris,decoration,bottom_overlay,./dat/objects.srv,P0,TODO,,,,SHARED_CANDIDATE:obj:1794,NONE,NONE,NONE,
obj:1818,debris,decoration,bottom_overlay,./dat/objects.srv,P0,TODO,,,,SHARED_CANDIDATE:obj:1794,NONE,NONE,NONE,
obj:1820,debris,decoration,bottom_overlay,./dat/objects.srv,P0,TODO,,,,SHARED_CANDIDATE:obj:1794,NONE,NONE,NONE,
obj:1947,stairs,decoration,bottom_overlay,./dat/objects.srv,P0,TODO,,,,MESH,NONE,NONE,NONE,
obj:1948,a ladder,decoration,bottom_overlay,./dat/objects.srv,P0,TODO,,,,MESH,NONE,NONE,NONE,
obj:1949,a magic forcefield,decoration,light_source,./dat/objects.srv,P0,TODO,,,,MESH,NONE,NONE,NONE,
obj:1950,a ramp,decoration,bottom_overlay,./dat/objects.srv,P0,TODO,,,,MESH,NONE,NONE,NONE,
obj:1951,a ramp,decoration,bottom_overlay,./dat/objects.srv,P0,TODO,,,,SHARED_CANDIDATE:obj:1950,NONE,NONE,NONE,
obj:1952,a ramp,decoration,bottom_overlay,./dat/objects.srv,P0,TODO,,,,SHARED_CANDIDATE:obj:1950,NONE,NONE,NONE,
obj:1953,a ramp,decoration,bottom_overlay,./dat/objects.srv,P0,TODO,,,,SHARED_CANDIDATE:obj:1950,NONE,NONE,NONE,
obj:1958,wooden stairs,decoration,bottom_overlay,./dat/objects.srv,P0,TODO,,,,MESH,NONE,NONE,NONE,
obj:2020,a flag of Tibia,decoration,bottom_overlay,./dat/objects.srv,P0,TODO,,,,MESH,NONE,NONE,NONE,
obj:2109,a street lamp,decoration,light_source,./dat/objects.srv,P0,TODO,,,,SHARED_CANDIDATE:obj:2108,NONE,NONE,NONE,
obj:2110,a coal basin,decoration,light_source,./dat/objects.srv,P0,TODO,,,,MESH,NONE,NONE,NONE,
obj:2113,a coal basin,decoration,light_source,./dat/objects.srv,P0,TODO,,,,SHARED_CANDIDATE:obj:2110,NONE,NONE,NONE,
obj:2153,a marble pillar,decoration,bottom_overlay,./dat/objects.srv,P0,TODO,,,,MESH,NONE,NONE,NONE,
obj:2177,a closed fence gate,decoration,bottom_overlay,./dat/objects.srv,P0,TODO,,,,MESH,NONE,NONE,NONE,
obj:2179,a closed fence gate,decoration,bottom_overlay,./dat/objects.srv,P0,TODO,,,,SHARED_CANDIDATE:obj:2177,NONE,NONE,NONE,
obj:2317,a counter,decoration,bottom_overlay,./dat/objects.srv,P0,TODO,,,,MESH,NONE,NONE,NONE,
obj:2318,a counter,decoration,bottom_overlay,./dat/objects.srv,P0,TODO,,,,SHARED_CANDIDATE:obj:2317,NONE,NONE,NONE,
obj:2320,a counter,decoration,bottom_overlay,./dat/objects.srv,P0,TODO,,,,SHARED_CANDIDATE:obj:2317,NONE,NONE,NONE,
obj:2321,a counter,decoration,bottom_overlay,./dat/objects.srv,P0,TODO,,,,SHARED_CANDIDATE:obj:2317,NONE,NONE,NONE,
obj:2322,a table,decoration,bottom_overlay,./dat/objects.srv,P0,TODO,,,,MESH,NONE,NONE,NONE,
obj:2323,a table,decoration,bottom_overlay,./dat/objects.srv,P0,TODO,,,,SHARED_CANDIDATE:obj:2322,NONE,NONE,NONE,
obj:2324,a table,decoration,bottom_overlay,./dat/objects.srv,P0,TODO,,,,SHARED_CANDIDATE:obj:2322,NONE,NONE,NONE,
obj:2325,a table,decoration,bottom_overlay,./dat/objects.srv,P0,TODO,,,,SHARED_CANDIDATE:obj:2322,NONE,NONE,NONE,
obj:2326,a table,decoration,bottom_overlay,./dat/objects.srv,P0,TODO,,,,SHARED_CANDIDATE:obj:2322,NONE,NONE,NONE,
obj:2327,a table,decoration,bottom_overlay,./dat/objects.srv,P0,TODO,,,,SHARED_CANDIDATE:obj:2322,NONE,NONE,NONE,
obj:2329,a table,decoration,bottom_overlay,./dat/objects.srv,P0,TODO,,,,SHARED_CANDIDATE:obj:2322,NONE,NONE,NONE,
obj:2330,a table,decoration,bottom_overlay,./dat/objects.srv,P0,TODO,,,,SHARED_CANDIDATE:obj:2322,NONE,NONE,NONE,
obj:2331,a table,decoration,bottom_overlay,./dat/objects.srv,P0,TODO,,,,SHARED_CANDIDATE:obj:2322,NONE,NONE,NONE,
obj:2535,an oven,decoration,light_source,./dat/objects.srv,P0,TODO,,,,MESH,NONE,NONE,NONE,
obj:2908,a lit wall lamp,decoration,light_source,./dat/objects.srv,P0,TODO,,,,MESH,NONE,NONE,NONE,
obj:2910,a lit wall lamp,decoration,light_source,./dat/objects.srv,P0,TODO,,,,SHARED_CANDIDATE:obj:2908,NONE,NONE,NONE,
obj:2929,a lit torch bearer,decoration,light_source,./dat/objects.srv,P0,TODO,,,,MESH,NONE,NONE,NONE,
obj:2931,a lit torch bearer,decoration,light_source,./dat/objects.srv,P0,TODO,,,,SHARED_CANDIDATE:obj:2929,NONE,NONE,NONE,
obj:3614,a fir tree,decoration,bottom_overlay,./dat/objects.srv,P0,TODO,,,,MESH,NONE,NONE,NONE,
obj:3615,a sycamore,decoration,bottom_overlay,./dat/objects.srv,P0,TODO,,,,MESH,NONE,NONE,NONE,
obj:3616,a willow,decoration,bottom_overlay,./dat/objects.srv,P0,TODO,,,,MESH,NONE,NONE,NONE,
obj:3617,a plum tree,decoration,bottom_overlay,./dat/objects.srv,P0,TODO,,,,MESH,NONE,NONE,NONE,
obj:3621,a beech,decoration,bottom_overlay,./dat/objects.srv,P0,TODO,,,,MESH,NONE,NONE,NONE,
obj:3622,a poplar,decoration,bottom_overlay,./dat/objects.srv,P0,TODO,,,,MESH,NONE,NONE,NONE,
obj:3625,a dwarf tree,decoration,bottom_overlay,./dat/objects.srv,P0,TODO,,,,MESH,NONE,NONE,NONE,
obj:3681,a bush,decoration,bottom_overlay,./dat/objects.srv,P0,TODO,,,,MESH,NONE,NONE,NONE,
obj:3682,a small fir tree,decoration,bottom_overlay,./dat/objects.srv,P0,TODO,,,,MESH,NONE,NONE,NONE,
obj:3683,a shadow plant,decoration,bottom_overlay,./dat/objects.srv,P0,TODO,,,,MESH,NONE,NONE,NONE,
obj:3684,a branch,decoration,bottom_overlay,./dat/objects.srv,P0,TODO,,,,MESH,NONE,NONE,NONE,
obj:3685,a swamp plant,decoration,bottom_overlay,./dat/objects.srv,P0,TODO,,,,MESH,NONE,NONE,NONE,
obj:3686,a swamp plant,decoration,bottom_overlay,./dat/objects.srv,P0,TODO,,,,SHARED_CANDIDATE:obj:3685,NONE,NONE,NONE,
obj:3687,a swamp plant,decoration,bottom_overlay,./dat/objects.srv,P0,TODO,,,,SHARED_CANDIDATE:obj:3685,NONE,NONE,NONE,
obj:3688,a swamp plant,decoration,bottom_overlay,./dat/objects.srv,P0,TODO,,,,SHARED_CANDIDATE:obj:3685,NONE,NONE,NONE,
obj:3689,a swamp plant,decoration,bottom_overlay,./dat/objects.srv,P0,TODO,,,,SHARED_CANDIDATE:obj:3685,NONE,NONE,NONE,
obj:3690,a swamp plant,decoration,bottom_overlay,./dat/objects.srv,P0,TODO,,,,SHARED_CANDIDATE:obj:3685,NONE,NONE,NONE,
obj:3691,a swamp plant,decoration,bottom_overlay,./dat/objects.srv,P0,TODO,,,,SHARED_CANDIDATE:obj:3685,NONE,NONE,NONE,
obj:3692,a swamp plant,decoration,bottom_overlay,./dat/objects.srv,P0,TODO,,,,SHARED_CANDIDATE:obj:3685,NONE,NONE,NONE,
obj:3693,a swamp plant,decoration,bottom_overlay,./dat/objects.srv,P0,TODO,,,,SHARED_CANDIDATE:obj:3685,NONE,NONE,NONE,
obj:3694,a swamp plant,decoration,bottom_overlay,./dat/objects.srv,P0,TODO,,,,SHARED_CANDIDATE:obj:3685,NONE,NONE,NONE,
obj:3699,a blueberry bush,decoration,bottom_overlay,./dat/objects.srv,P0,TODO,,,,MESH,NONE,NONE,NONE,
obj:4457,a mountain,decoration,bottom_overlay,./dat/objects.srv,P0,TODO,,,,SHARED_CANDIDATE:obj:1081,NONE,NONE,NONE,
obj:4458,a mountain,decoration,bottom_overlay,./dat/objects.srv,P0,TODO,,,,SHARED_CANDIDATE:obj:1081,NONE,NONE,NONE,
obj:4459,a mountain,decoration,bottom_overlay,./dat/objects.srv,P0,TODO,,,,SHARED_CANDIDATE:obj:1081,NONE,NONE,NONE,
obj:4460,a mountain,decoration,bottom_overlay,./dat/objects.srv,P0,TODO,,,,SHARED_CANDIDATE:obj:1081,NONE,NONE,NONE,
obj:4461,a mountain,decoration,bottom_overlay,./dat/objects.srv,P0,TODO,,,,SHARED_CANDIDATE:obj:1081,NONE,NONE,NONE,
obj:4462,a mountain,decoration,bottom_overlay,./dat/objects.srv,P0,TODO,,,,SHARED_CANDIDATE:obj:1081,NONE,NONE,NONE,
obj:4463,a mountain,decoration,bottom_overlay,./dat/objects.srv,P0,TODO,,,,SHARED_CANDIDATE:obj:1081,NONE,NONE,NONE,
obj:4464,a mountain,decoration,bottom_overlay,./dat/objects.srv,P0,TODO,,,,SHARED_CANDIDATE:obj:1081,NONE,NONE,NONE,
obj:4465,a mountain,decoration,bottom_overlay,./dat/objects.srv,P0,TODO,,,,SHARED_CANDIDATE:obj:1081,NONE,NONE,NONE,
obj:4466,a mountain,decoration,bottom_overlay,./dat/objects.srv,P0,TODO,,,,SHARED_CANDIDATE:obj:1081,NONE,NONE,NONE,
obj:4467,a mountain,decoration,bottom_overlay,./dat/objects.srv,P0,TODO,,,,SHARED_CANDIDATE:obj:1081,NONE,NONE,NONE,
obj:4468,a mountain,decoration,bottom_overlay,./dat/objects.srv,P0,TODO,,,,SHARED_CANDIDATE:obj:1081,NONE,NONE,NONE,
obj:4815,a mountain,decoration,bottom_overlay,./dat/objects.srv,P0,TODO,,,,SHARED_CANDIDATE:obj:1081,NONE,NONE,NONE,
obj:4816,a mountain,decoration,bottom_overlay,./dat/objects.srv,P0,TODO,,,,SHARED_CANDIDATE:obj:1081,NONE,NONE,NONE,
obj:2123,a fire,effect_object,magic_field,./dat/objects.srv,P0,TODO,,,,SHARED_CANDIDATE:obj:2118,NONE,NONE,REQUIRED,
obj:2126,an energy field,effect_object,magic_field,./dat/objects.srv,P0,TODO,,,,SHARED_CANDIDATE:obj:2122,NONE,NONE,REQUIRED,
obj:3272,a rapier,equipment,weapon,./dat/objects.srv,P0,TODO,,,,MESH,NONE,NONE,NONE,
obj:3294,a short sword,equipment,weapon,./dat/objects.srv,P0,TODO,,,,MESH,NONE,NONE,NONE,
obj:3355,a leather helmet,equipment,armor,./dat/objects.srv,P0,TODO,,,,MESH,NONE,NONE,NONE,
obj:3361,a leather armor,equipment,armor,./dat/objects.srv,P0,TODO,,,,MESH,NONE,NONE,NONE,
obj:3552,leather boots,equipment,armor,./dat/objects.srv,P0,TODO,,,,MESH,NONE,NONE,NONE,
obj:1782,a stone,item,portable,./dat/objects.srv,P0,TODO,,,,SHARED_CANDIDATE:obj:1780,NONE,NONE,NONE,
obj:2030,a goblin statue,item,unspecified,./dat/objects.srv,P0,TODO,,,,MESH,NONE,NONE,NONE,
obj:2319,a small table,item,unspecified,./dat/objects.srv,P0,TODO,,,,MESH,NONE,NONE,NONE,
obj:2359,a wooden chair,item,unspecified,./dat/objects.srv,P0,TODO,,,,SHARED_CANDIDATE:obj:2358,NONE,NONE,NONE,
obj:2361,a wooden chair,item,unspecified,./dat/objects.srv,P0,TODO,,,,SHARED_CANDIDATE:obj:2358,NONE,NONE,NONE,
obj:2370,a bench,item,unspecified,./dat/objects.srv,P0,TODO,,,,MESH,NONE,NONE,NONE,
obj:2371,a bench,item,unspecified,./dat/objects.srv,P0,TODO,,,,SHARED_CANDIDATE:obj:2370,NONE,NONE,NONE,
obj:2372,a bench,item,unspecified,./dat/objects.srv,P0,TODO,,,,SHARED_CANDIDATE:obj:2370,NONE,NONE,NONE,
obj:2373,a bench,item,unspecified,./dat/objects.srv,P0,TODO,,,,SHARED_CANDIDATE:obj:2370,NONE,NONE,NONE,
obj:2599,a tapestry,item,unspecified,./dat/objects.srv,P0,TODO,,,,MESH,NONE,NONE,NONE,
obj:2894,a broken flask,item,portable,./dat/objects.srv,P0,TODO,,,,SHARED_CANDIDATE:obj:2878,NONE,NONE,NONE,
obj:2982,an indoor plant,item,unspecified,./dat/objects.srv,P0,TODO,,,,MESH,NONE,NONE,NONE,
obj:2983,a flower bowl,item,portable,./dat/objects.srv,P0,TODO,,,,MESH,NONE,NONE,NONE,
obj:3105,a dirty fur,item,portable,./dat/objects.srv,P0,TODO,,,,MESH,NONE,NONE,NONE,
obj:3106,an old twig,item,portable,./dat/objects.srv,P0,TODO,,,,MESH,NONE,NONE,NONE,
obj:3108,rubbish,item,portable,./dat/objects.srv,P0,TODO,,,,MESH,NONE,NONE,NONE,
obj:3111,a fishbone,item,portable,./dat/objects.srv,P0,TODO,,,,MESH,NONE,NONE,NONE,
obj:3112,rotten meat,item,portable,./dat/objects.srv,P0,TODO,,,,MESH,NONE,NONE,NONE,
obj:3471,a cleaver,item,portable,./dat/objects.srv,P0,TODO,,,,MESH,NONE,NONE,NONE,
obj:3654,moon flowers,item,unspecified,./dat/objects.srv,P0,TODO,,,,MESH,NONE,NONE,NONE,
obj:3655,a moon flower,item,portable,./dat/objects.srv,P0,TODO,,,,MESH,NONE,NONE,NONE,
obj:3657,a heaven blossom,item,unspecified,./dat/objects.srv,P0,TODO,,,,MESH,NONE,NONE,NONE,
obj:4254,a pile of bones,item,portable,./dat/objects.srv,P0,TODO,,,,MESH,NONE,NONE,NONE,
obj:4256,a dead rat,item,portable,./dat/objects.srv,P0,TODO,,,,MESH,NONE,NONE,NONE,
obj:4257,a dead rat,item,portable,./dat/objects.srv,P0,TODO,,,,SHARED_CANDIDATE:obj:4256,NONE,NONE,NONE,
obj:4258,a dead rat,item,portable,./dat/objects.srv,P0,TODO,,,,SHARED_CANDIDATE:obj:4256,NONE,NONE,NONE,
obj:5048,a flat roof,item,unspecified,./dat/objects.srv,P0,TODO,,,,SHARED_CANDIDATE:obj:5045,NONE,NONE,NONE,
obj:5049,a flat roof,item,unspecified,./dat/objects.srv,P0,TODO,,,,SHARED_CANDIDATE:obj:5045,NONE,NONE,NONE,
obj:5050,a flat roof,item,unspecified,./dat/objects.srv,P0,TODO,,,,SHARED_CANDIDATE:obj:5045,NONE,NONE,NONE,
obj:5052,a flat roof,item,unspecified,./dat/objects.srv,P0,TODO,,,,SHARED_CANDIDATE:obj:5045,NONE,NONE,NONE,
obj:5053,a flat roof,item,unspecified,./dat/objects.srv,P0,TODO,,,,SHARED_CANDIDATE:obj:5045,NONE,NONE,NONE,
obj:5054,a flat roof,item,unspecified,./dat/objects.srv,P0,TODO,,,,SHARED_CANDIDATE:obj:5045,NONE,NONE,NONE,
obj:2831,a book,readable,text,./dat/objects.srv,P0,TODO,,,,SHARED_CANDIDATE:obj:2816,NONE,NONE,NONE,
obj:1123,a mountain,structure,top_overlay,./dat/objects.srv,P0,TODO,,,,MESH,NONE,NONE,NONE,
obj:1124,a mountain,structure,top_overlay,./dat/objects.srv,P0,TODO,,,,SHARED_CANDIDATE:obj:1123,NONE,NONE,NONE,
obj:1125,a mountain,structure,top_overlay,./dat/objects.srv,P0,TODO,,,,SHARED_CANDIDATE:obj:1123,NONE,NONE,NONE,
obj:1126,a mountain,structure,top_overlay,./dat/objects.srv,P0,TODO,,,,SHARED_CANDIDATE:obj:1123,NONE,NONE,NONE,
obj:1153,a flat roof,structure,obstacle,./dat/objects.srv,P0,TODO,,,,MESH,NONE,NONE,NONE,
obj:1154,a flat roof,structure,obstacle,./dat/objects.srv,P0,TODO,,,,SHARED_CANDIDATE:obj:1153,NONE,NONE,NONE,
obj:1155,a flat roof,structure,obstacle,./dat/objects.srv,P0,TODO,,,,SHARED_CANDIDATE:obj:1153,NONE,NONE,NONE,
obj:1160,a tiled roof,structure,obstacle,./dat/objects.srv,P0,TODO,,,,SHARED_CANDIDATE:obj:1157,NONE,NONE,NONE,
obj:1164,a tiled roof,structure,obstacle,./dat/objects.srv,P0,TODO,,,,SHARED_CANDIDATE:obj:1157,NONE,NONE,NONE,
obj:1165,a tiled roof,structure,obstacle,./dat/objects.srv,P0,TODO,,,,SHARED_CANDIDATE:obj:1157,NONE,NONE,NONE,
obj:1628,a closed door,structure,door,./dat/objects.srv,P0,TODO,,,,MESH,NONE,NONE,NONE,
obj:1629,a closed door,structure,door,./dat/objects.srv,P0,TODO,,,,SHARED_CANDIDATE:obj:1628,NONE,NONE,NONE,
obj:1632,a closed door,structure,door,./dat/objects.srv,P0,TODO,,,,SHARED_CANDIDATE:obj:1628,NONE,NONE,NONE,
obj:1633,an open door,structure,door,./dat/objects.srv,P0,TODO,,,,SHARED_CANDIDATE:obj:1630,NONE,NONE,NONE,
obj:1634,a buttress,structure,top_overlay,./dat/objects.srv,P0,TODO,,,,MESH,NONE,NONE,NONE,
obj:1635,a buttress,structure,top_overlay,./dat/objects.srv,P0,TODO,,,,SHARED_CANDIDATE:obj:1634,NONE,NONE,NONE,
obj:1636,a buttress,structure,top_overlay,./dat/objects.srv,P0,TODO,,,,SHARED_CANDIDATE:obj:1634,NONE,NONE,NONE,
obj:1637,a buttress,structure,top_overlay,./dat/objects.srv,P0,TODO,,,,SHARED_CANDIDATE:obj:1634,NONE,NONE,NONE,
obj:2026,a statue,structure,obstacle,./dat/objects.srv,P0,TODO,,,,MESH,NONE,NONE,NONE,
obj:2154,a wooden railing,structure,obstacle,./dat/objects.srv,P0,TODO,,,,MESH,NONE,NONE,NONE,
obj:2155,a wooden railing,structure,obstacle,./dat/objects.srv,P0,TODO,,,,SHARED_CANDIDATE:obj:2154,NONE,NONE,NONE,
obj:2156,a wooden railing,structure,obstacle,./dat/objects.srv,P0,TODO,,,,SHARED_CANDIDATE:obj:2154,NONE,NONE,NONE,
obj:2157,a wooden railing,structure,obstacle,./dat/objects.srv,P0,TODO,,,,SHARED_CANDIDATE:obj:2154,NONE,NONE,NONE,
obj:2158,a wooden railing,structure,obstacle,./dat/objects.srv,P0,TODO,,,,SHARED_CANDIDATE:obj:2154,NONE,NONE,NONE,
obj:2159,a wooden railing,structure,obstacle,./dat/objects.srv,P0,TODO,,,,SHARED_CANDIDATE:obj:2154,NONE,NONE,NONE,
obj:2162,a stone railing,structure,obstacle,./dat/objects.srv,P0,TODO,,,,MESH,NONE,NONE,NONE,
obj:2164,a stone railing,structure,obstacle,./dat/objects.srv,P0,TODO,,,,SHARED_CANDIDATE:obj:2162,NONE,NONE,NONE,
obj:2166,a stone railing,structure,obstacle,./dat/objects.srv,P0,TODO,,,,SHARED_CANDIDATE:obj:2162,NONE,NONE,NONE,
obj:2168,a stone railing,structure,obstacle,./dat/objects.srv,P0,TODO,,,,SHARED_CANDIDATE:obj:2162,NONE,NONE,NONE,
obj:2171,a fence,structure,obstacle,./dat/objects.srv,P0,TODO,,,,MESH,NONE,NONE,NONE,
obj:2172,a fence,structure,obstacle,./dat/objects.srv,P0,TODO,,,,SHARED_CANDIDATE:obj:2171,NONE,NONE,NONE,
obj:2173,a fence,structure,obstacle,./dat/objects.srv,P0,TODO,,,,SHARED_CANDIDATE:obj:2171,NONE,NONE,NONE,
obj:2174,a fence,structure,obstacle,./dat/objects.srv,P0,TODO,,,,SHARED_CANDIDATE:obj:2171,NONE,NONE,NONE,
obj:2184,bars,structure,obstacle,./dat/objects.srv,P0,TODO,,,,MESH,NONE,NONE,NONE,
obj:2488,a bed,structure,obstacle,./dat/objects.srv,P0,TODO,,,,MESH,NONE,NONE,NONE,
obj:2526,a dustbin,structure,obstacle,./dat/objects.srv,P0,TODO,,,,MESH,NONE,NONE,NONE,
obj:439,wooden floor,structure,obstacle,./dat/objects.srv,P0,TODO,,,,MESH,NONE,NONE,NONE,
obj:440,wooden floor,structure,obstacle,./dat/objects.srv,P0,TODO,,,,SHARED_CANDIDATE:obj:439,NONE,NONE,NONE,
obj:441,wooden floor,structure,obstacle,./dat/objects.srv,P0,TODO,,,,SHARED_CANDIDATE:obj:439,NONE,NONE,NONE,
obj:442,wooden floor,structure,obstacle,./dat/objects.srv,P0,TODO,,,,SHARED_CANDIDATE:obj:439,NONE,NONE,NONE,
obj:443,wooden floor,structure,obstacle,./dat/objects.srv,P0,TODO,,,,SHARED_CANDIDATE:obj:439,NONE,NONE,NONE,
obj:444,wooden floor,structure,obstacle,./dat/objects.srv,P0,TODO,,,,SHARED_CANDIDATE:obj:439,NONE,NONE,NONE,
obj:445,wooden floor,structure,obstacle,./dat/objects.srv,P0,TODO,,,,SHARED_CANDIDATE:obj:439,NONE,NONE,NONE,
obj:446,wooden floor,structure,obstacle,./dat/objects.srv,P0,TODO,,,,SHARED_CANDIDATE:obj:439,NONE,NONE,NONE,
obj:447,wooden floor,structure,obstacle,./dat/objects.srv,P0,TODO,,,,SHARED_CANDIDATE:obj:439,NONE,NONE,NONE,
obj:448,wooden floor,structure,obstacle,./dat/objects.srv,P0,TODO,,,,SHARED_CANDIDATE:obj:439,NONE,NONE,NONE,
obj:449,wooden floor,structure,obstacle,./dat/objects.srv,P0,TODO,,,,SHARED_CANDIDATE:obj:439,NONE,NONE,NONE,
obj:450,wooden floor,structure,obstacle,./dat/objects.srv,P0,TODO,,,,SHARED_CANDIDATE:obj:439,NONE,NONE,NONE,
obj:101,earth,terrain,ground,./dat/objects.srv,P0,TODO,,,,MESH,NONE,NONE,NONE,
obj:103,dirt,terrain,ground,./dat/objects.srv,P0,TODO,,,,MESH,NONE,NONE,NONE,
obj:1099,a mountain,terrain,ground,./dat/objects.srv,P0,TODO,,,,MESH,NONE,NONE,NONE,
obj:1100,rocks,terrain,border,./dat/objects.srv,P0,TODO,,,,MESH,NONE,NONE,NONE,
obj:1101,rocks,terrain,border,./dat/objects.srv,P0,TODO,,,,SHARED_CANDIDATE:obj:1100,NONE,NONE,NONE,
obj:1102,rocks,terrain,border,./dat/objects.srv,P0,TODO,,,,SHARED_CANDIDATE:obj:1100,NONE,NONE,NONE,
obj:1103,rocks,terrain,border,./dat/objects.srv,P0,TODO,,,,SHARED_CANDIDATE:obj:1100,NONE,NONE,NONE,
obj:1104,rocks,terrain,border,./dat/objects.srv,P0,TODO,,,,SHARED_CANDIDATE:obj:1100,NONE,NONE,NONE,
obj:1105,rocks,terrain,border,./dat/objects.srv,P0,TODO,,,,SHARED_CANDIDATE:obj:1100,NONE,NONE,NONE,
obj:1106,rocks,terrain,border,./dat/objects.srv,P0,TODO,,,,SHARED_CANDIDATE:obj:1100,NONE,NONE,NONE,
obj:1107,rocks,terrain,border,./dat/objects.srv,P0,TODO,,,,SHARED_CANDIDATE:obj:1100,NONE,NONE,NONE,
obj:1108,rocks,terrain,border,./dat/objects.srv,P0,TODO,,,,SHARED_CANDIDATE:obj:1100,NONE,NONE,NONE,
obj:1109,rocks,terrain,border,./dat/objects.srv,P0,TODO,,,,SHARED_CANDIDATE:obj:1100,NONE,NONE,NONE,
obj:1110,rocks,terrain,border,./dat/objects.srv,P0,TODO,,,,SHARED_CANDIDATE:obj:1100,NONE,NONE,NONE,
obj:1111,rocks,terrain,border,./dat/objects.srv,P0,TODO,,,,SHARED_CANDIDATE:obj:1100,NONE,NONE,NONE,
obj:1127,a mountain,terrain,ground,./dat/objects.srv,P0,TODO,,,,MESH,NONE,NONE,NONE,
obj:1152,a flat roof,terrain,ground,./dat/objects.srv,P0,TODO,,,,MESH,NONE,NONE,NONE,
obj:1159,a tiled roof,terrain,ground,./dat/objects.srv,P0,TODO,,,,SHARED_CANDIDATE:obj:1158,NONE,NONE,NONE,
obj:1771,a drawbridge,terrain,ground,./dat/objects.srv,P0,TODO,,,,MESH,NONE,NONE,NONE,
obj:2572,a red carpet,terrain,border,./dat/objects.srv,P0,TODO,,,,MESH,NONE,NONE,NONE,
obj:2573,a red carpet,terrain,border,./dat/objects.srv,P0,TODO,,,,SHARED_CANDIDATE:obj:2572,NONE,NONE,NONE,
obj:2574,a red carpet,terrain,border,./dat/objects.srv,P0,TODO,,,,SHARED_CANDIDATE:obj:2572,NONE,NONE,NONE,
obj:2575,a red carpet,terrain,border,./dat/objects.srv,P0,TODO,,,,SHARED_CANDIDATE:obj:2572,NONE,NONE,NONE,
obj:2576,a red carpet,terrain,border,./dat/objects.srv,P0,TODO,,,,SHARED_CANDIDATE:obj:2572,NONE,NONE,NONE,
obj:2577,a red carpet,terrain,border,./dat/objects.srv,P0,TODO,,,,SHARED_CANDIDATE:obj:2572,NONE,NONE,NONE,
obj:2578,a red carpet,terrain,border,./dat/objects.srv,P0,TODO,,,,SHARED_CANDIDATE:obj:2572,NONE,NONE,NONE,
obj:2579,a red carpet,terrain,border,./dat/objects.srv,P0,TODO,,,,SHARED_CANDIDATE:obj:2572,NONE,NONE,NONE,
obj:2580,a red carpet,terrain,border,./dat/objects.srv,P0,TODO,,,,SHARED_CANDIDATE:obj:2572,NONE,NONE,NONE,
obj:293,grass,terrain,ground,./dat/objects.srv,P0,TODO,,,,SHARED_CANDIDATE:obj:102,NONE,NONE,NONE,
obj:351,dirt floor,terrain,ground,./dat/objects.srv,P0,TODO,,,,SHARED_CANDIDATE:obj:280,NONE,NONE,NONE,
obj:352,dirt floor,terrain,ground,./dat/objects.srv,P0,TODO,,,,SHARED_CANDIDATE:obj:280,NONE,NONE,NONE,
obj:353,dirt floor,terrain,ground,./dat/objects.srv,P0,TODO,,,,SHARED_CANDIDATE:obj:280,NONE,NONE,NONE,
obj:354,muddy floor,terrain,ground,./dat/objects.srv,P0,TODO,,,,MESH,NONE,NONE,NONE,
obj:356,a dirt wall,terrain,ground,./dat/objects.srv,P0,TODO,,,,MESH,NONE,NONE,NONE,
obj:357,a dirt wall,terrain,ground,./dat/objects.srv,P0,TODO,,,,SHARED_CANDIDATE:obj:356,NONE,NONE,NONE,
obj:358,a dirt wall,terrain,ground,./dat/objects.srv,P0,TODO,,,,SHARED_CANDIDATE:obj:356,NONE,NONE,NONE,
obj:359,a dirt wall,terrain,ground,./dat/objects.srv,P0,TODO,,,,SHARED_CANDIDATE:obj:356,NONE,NONE,NONE,
obj:360,a dirt wall,terrain,ground,./dat/objects.srv,P0,TODO,,,,SHARED_CANDIDATE:obj:356,NONE,NONE,NONE,
obj:361,a dirt wall,terrain,ground,./dat/objects.srv,P0,TODO,,,,SHARED_CANDIDATE:obj:356,NONE,NONE,NONE,
obj:362,a dirt wall,terrain,ground,./dat/objects.srv,P0,TODO,,,,SHARED_CANDIDATE:obj:356,NONE,NONE,NONE,
obj:363,a dirt wall,terrain,ground,./dat/objects.srv,P0,TODO,,,,SHARED_CANDIDATE:obj:356,NONE,NONE,NONE,
obj:364,a dirt wall,terrain,ground,./dat/objects.srv,P0,TODO,,,,SHARED_CANDIDATE:obj:356,NONE,NONE,NONE,
obj:365,a dirt wall,terrain,ground,./dat/objects.srv,P0,TODO,,,,SHARED_CANDIDATE:obj:356,NONE,NONE,NONE,
obj:366,a dirt wall,terrain,ground,./dat/objects.srv,P0,TODO,,,,SHARED_CANDIDATE:obj:356,NONE,NONE,NONE,
obj:367,a dirt wall,terrain,ground,./dat/objects.srv,P0,TODO,,,,SHARED_CANDIDATE:obj:356,NONE,NONE,NONE,
obj:368,earth ground,terrain,ground,./dat/objects.srv,P0,TODO,,,,MESH,NONE,NONE,NONE,
obj:369,a trapdoor,terrain,ground,./dat/objects.srv,P0,TODO,,,,MESH,NONE,NONE,NONE,
obj:373,a stone wall,terrain,ground,./dat/objects.srv,P0,TODO,,,,MESH,NONE,NONE,NONE,
obj:374,a stone wall,terrain,ground,./dat/objects.srv,P0,TODO,,,,SHARED_CANDIDATE:obj:373,NONE,NONE,NONE,
obj:375,a stone wall,terrain,ground,./dat/objects.srv,P0,TODO,,,,SHARED_CANDIDATE:obj:373,NONE,NONE,NONE,
obj:376,a stone wall,terrain,ground,./dat/objects.srv,P0,TODO,,,,SHARED_CANDIDATE:obj:373,NONE,NONE,NONE,
obj:377,a stone wall,terrain,ground,./dat/objects.srv,P0,TODO,,,,SHARED_CANDIDATE:obj:373,NONE,NONE,NONE,
obj:378,a stone wall,terrain,ground,./dat/objects.srv,P0,TODO,,,,SHARED_CANDIDATE:obj:373,NONE,NONE,NONE,
obj:379,a stone wall,terrain,ground,./dat/objects.srv,P0,TODO,,,,SHARED_CANDIDATE:obj:373,NONE,NONE,NONE,
obj:380,a stone wall,terrain,ground,./dat/objects.srv,P0,TODO,,,,SHARED_CANDIDATE:obj:373,NONE,NONE,NONE,
obj:381,a stone wall,terrain,ground,./dat/objects.srv,P0,TODO,,,,SHARED_CANDIDATE:obj:373,NONE,NONE,NONE,
obj:382,a stone wall,terrain,ground,./dat/objects.srv,P0,TODO,,,,SHARED_CANDIDATE:obj:373,NONE,NONE,NONE,
obj:383,a stone wall,terrain,ground,./dat/objects.srv,P0,TODO,,,,SHARED_CANDIDATE:obj:373,NONE,NONE,NONE,
obj:384,a stone wall,terrain,ground,./dat/objects.srv,P0,TODO,,,,SHARED_CANDIDATE:obj:373,NONE,NONE,NONE,
obj:385,a hole,terrain,ground,./dat/objects.srv,P0,TODO,,,,MESH,NONE,NONE,NONE,
obj:408,wooden floor,terrain,ground,./dat/objects.srv,P0,TODO,,,,MESH,NONE,NONE,NONE,
obj:409,white marble floor,terrain,ground,./dat/objects.srv,P0,TODO,,,,MESH,NONE,NONE,NONE,
obj:410,black marble floor,terrain,ground,./dat/objects.srv,P0,TODO,,,,MESH,NONE,NONE,NONE,
obj:411,a trapdoor,terrain,ground,./dat/objects.srv,P0,TODO,,,,SHARED_CANDIDATE:obj:369,NONE,NONE,NONE,
obj:412,a trapdoor,terrain,ground,./dat/objects.srv,P0,TODO,,,,SHARED_CANDIDATE:obj:369,NONE,NONE,NONE,
obj:413,stairs,terrain,ground,./dat/objects.srv,P0,TODO,,,,MESH,NONE,NONE,NONE,
obj:428,stairs,terrain,ground,./dat/objects.srv,P0,TODO,,,,SHARED_CANDIDATE:obj:413,NONE,NONE,NONE,
obj:429,a stone tile,terrain,ground,./dat/objects.srv,P0,TODO,,,,SHARED_CANDIDATE:obj:419,NONE,NONE,NONE,
obj:432,a trapdoor,terrain,ground,./dat/objects.srv,P0,TODO,,,,SHARED_CANDIDATE:obj:369,NONE,NONE,NONE,
obj:434,stairs,terrain,ground,./dat/objects.srv,P0,TODO,,,,SHARED_CANDIDATE:obj:413,NONE,NONE,NONE,
obj:436,stone floor,terrain,ground,./dat/objects.srv,P0,TODO,,,,SHARED_CANDIDATE:obj:416,NONE,NONE,NONE,
obj:437,stairs,terrain,ground,./dat/objects.srv,P0,TODO,,,,SHARED_CANDIDATE:obj:413,NONE,NONE,NONE,
obj:438,stairs,terrain,ground,./dat/objects.srv,P0,TODO,,,,SHARED_CANDIDATE:obj:413,NONE,NONE,NONE,
obj:4394,rock soil,terrain,ground,./dat/objects.srv,P0,TODO,,,,SHARED_CANDIDATE:obj:107,NONE,NONE,NONE,
obj:4395,rock soil,terrain,ground,./dat/objects.srv,P0,TODO,,,,SHARED_CANDIDATE:obj:107,NONE,NONE,NONE,
obj:4396,rock soil,terrain,ground,./dat/objects.srv,P0,TODO,,,,SHARED_CANDIDATE:obj:107,NONE,NONE,NONE,
obj:4397,rock soil,terrain,ground,./dat/objects.srv,P0,TODO,,,,SHARED_CANDIDATE:obj:107,NONE,NONE,NONE,
obj:4398,rock soil,terrain,ground,./dat/objects.srv,P0,TODO,,,,SHARED_CANDIDATE:obj:107,NONE,NONE,NONE,
obj:4399,rock soil,terrain,ground,./dat/objects.srv,P0,TODO,,,,SHARED_CANDIDATE:obj:107,NONE,NONE,NONE,
obj:4400,rock soil,terrain,ground,./dat/objects.srv,P0,TODO,,,,SHARED_CANDIDATE:obj:107,NONE,NONE,NONE,
obj:4401,rock soil,terrain,ground,./dat/objects.srv,P0,TODO,,,,SHARED_CANDIDATE:obj:107,NONE,NONE,NONE,
obj:4402,rock soil,terrain,ground,./dat/objects.srv,P0,TODO,,,,SHARED_CANDIDATE:obj:107,NONE,NONE,NONE,
obj:4403,rock soil,terrain,ground,./dat/objects.srv,P0,TODO,,,,SHARED_CANDIDATE:obj:107,NONE,NONE,NONE,
obj:4404,rock soil,terrain,ground,./dat/objects.srv,P0,TODO,,,,SHARED_CANDIDATE:obj:107,NONE,NONE,NONE,
obj:4405,rock soil,terrain,ground,./dat/objects.srv,P0,TODO,,,,SHARED_CANDIDATE:obj:107,NONE,NONE,NONE,
obj:4406,rock soil,terrain,ground,./dat/objects.srv,P0,TODO,,,,SHARED_CANDIDATE:obj:107,NONE,NONE,NONE,
obj:4407,rock soil,terrain,ground,./dat/objects.srv,P0,TODO,,,,SHARED_CANDIDATE:obj:107,NONE,NONE,NONE,
obj:4408,rock soil,terrain,ground,./dat/objects.srv,P0,TODO,,,,SHARED_CANDIDATE:obj:107,NONE,NONE,NONE,
obj:4409,rock soil,terrain,ground,./dat/objects.srv,P0,TODO,,,,SHARED_CANDIDATE:obj:107,NONE,NONE,NONE,
obj:4410,rock soil,terrain,ground,./dat/objects.srv,P0,TODO,,,,SHARED_CANDIDATE:obj:107,NONE,NONE,NONE,
obj:4445,rocks,terrain,border,./dat/objects.srv,P0,TODO,,,,SHARED_CANDIDATE:obj:1100,NONE,NONE,NONE,
obj:4446,rocks,terrain,border,./dat/objects.srv,P0,TODO,,,,SHARED_CANDIDATE:obj:1100,NONE,NONE,NONE,
obj:4447,rocks,terrain,border,./dat/objects.srv,P0,TODO,,,,SHARED_CANDIDATE:obj:1100,NONE,NONE,NONE,
obj:4448,rocks,terrain,border,./dat/objects.srv,P0,TODO,,,,SHARED_CANDIDATE:obj:1100,NONE,NONE,NONE,
obj:4451,rocks,terrain,border,./dat/objects.srv,P0,TODO,,,,SHARED_CANDIDATE:obj:1100,NONE,NONE,NONE,
obj:4452,rocks,terrain,border,./dat/objects.srv,P0,TODO,,,,SHARED_CANDIDATE:obj:1100,NONE,NONE,NONE,
obj:4453,rocks,terrain,border,./dat/objects.srv,P0,TODO,,,,SHARED_CANDIDATE:obj:1100,NONE,NONE,NONE,
obj:4454,rocks,terrain,border,./dat/objects.srv,P0,TODO,,,,SHARED_CANDIDATE:obj:1100,NONE,NONE,NONE,
obj:4455,rocks,terrain,border,./dat/objects.srv,P0,TODO,,,,SHARED_CANDIDATE:obj:1100,NONE,NONE,NONE,
obj:4456,rocks,terrain,border,./dat/objects.srv,P0,TODO,,,,SHARED_CANDIDATE:obj:1100,NONE,NONE,NONE,
obj:451,stairs,terrain,ground,./dat/objects.srv,P0,TODO,,,,MESH,NONE,NONE,NONE,
obj:4515,grass,terrain,ground,./dat/objects.srv,P0,TODO,,,,SHARED_CANDIDATE:obj:102,NONE,NONE,NONE,
obj:4516,grass,terrain,ground,./dat/objects.srv,P0,TODO,,,,SHARED_CANDIDATE:obj:102,NONE,NONE,NONE,
obj:4517,grass,terrain,ground,./dat/objects.srv,P0,TODO,,,,SHARED_CANDIDATE:obj:102,NONE,NONE,NONE,
obj:4518,grass,terrain,ground,./dat/objects.srv,P0,TODO,,,,SHARED_CANDIDATE:obj:102,NONE,NONE,NONE,
obj:4519,grass,terrain,ground,./dat/objects.srv,P0,TODO,,,,SHARED_CANDIDATE:obj:102,NONE,NONE,NONE,
obj:452,wooden floor,terrain,ground,./dat/objects.srv,P0,TODO,,,,SHARED_CANDIDATE:obj:408,NONE,NONE,NONE,
obj:4520,grass,terrain,ground,./dat/objects.srv,P0,TODO,,,,SHARED_CANDIDATE:obj:102,NONE,NONE,NONE,
obj:4521,grass,terrain,ground,./dat/objects.srv,P0,TODO,,,,SHARED_CANDIDATE:obj:102,NONE,NONE,NONE,
obj:4522,grass,terrain,ground,./dat/objects.srv,P0,TODO,,,,SHARED_CANDIDATE:obj:102,NONE,NONE,NONE,
obj:4523,grass,terrain,ground,./dat/objects.srv,P0,TODO,,,,SHARED_CANDIDATE:obj:102,NONE,NONE,NONE,
obj:4524,grass,terrain,ground,./dat/objects.srv,P0,TODO,,,,SHARED_CANDIDATE:obj:102,NONE,NONE,NONE,
obj:4525,grass,terrain,ground,./dat/objects.srv,P0,TODO,,,,SHARED_CANDIDATE:obj:102,NONE,NONE,NONE,
obj:4526,grass,terrain,ground,./dat/objects.srv,P0,TODO,,,,SHARED_CANDIDATE:obj:102,NONE,NONE,NONE,
obj:4527,grass,terrain,ground,./dat/objects.srv,P0,TODO,,,,SHARED_CANDIDATE:obj:102,NONE,NONE,NONE,
obj:4528,grass,terrain,ground,./dat/objects.srv,P0,TODO,,,,SHARED_CANDIDATE:obj:102,NONE,NONE,NONE,
obj:4529,grass,terrain,ground,./dat/objects.srv,P0,TODO,,,,SHARED_CANDIDATE:obj:102,NONE,NONE,NONE,
obj:4530,grass,terrain,ground,./dat/objects.srv,P0,TODO,,,,SHARED_CANDIDATE:obj:102,NONE,NONE,NONE,
obj:4531,grass,terrain,border,./dat/objects.srv,P0,TODO,,,,SHARED_CANDIDATE:obj:102,NONE,NONE,NONE,
obj:4532,grass,terrain,border,./dat/objects.srv,P0,TODO,,,,SHARED_CANDIDATE:obj:102,NONE,NONE,NONE,
obj:4533,grass,terrain,border,./dat/objects.srv,P0,TODO,,,,SHARED_CANDIDATE:obj:102,NONE,NONE,NONE,
obj:4534,grass,terrain,border,./dat/objects.srv,P0,TODO,,,,SHARED_CANDIDATE:obj:102,NONE,NONE,NONE,
obj:4535,grass,terrain,border,./dat/objects.srv,P0,TODO,,,,SHARED_CANDIDATE:obj:102,NONE,NONE,NONE,
obj:4536,grass,terrain,border,./dat/objects.srv,P0,TODO,,,,SHARED_CANDIDATE:obj:102,NONE,NONE,NONE,
obj:4537,grass,terrain,border,./dat/objects.srv,P0,TODO,,,,SHARED_CANDIDATE:obj:102,NONE,NONE,NONE,
obj:4538,grass,terrain,border,./dat/objects.srv,P0,TODO,,,,SHARED_CANDIDATE:obj:102,NONE,NONE,NONE,
obj:4539,grass,terrain,border,./dat/objects.srv,P0,TODO,,,,SHARED_CANDIDATE:obj:102,NONE,NONE,NONE,
obj:4540,grass,terrain,border,./dat/objects.srv,P0,TODO,,,,SHARED_CANDIDATE:obj:102,NONE,NONE,NONE,
obj:4541,grass,terrain,border,./dat/objects.srv,P0,TODO,,,,SHARED_CANDIDATE:obj:102,NONE,NONE,NONE,
obj:4542,grass,terrain,border,./dat/objects.srv,P0,TODO,,,,SHARED_CANDIDATE:obj:102,NONE,NONE,NONE,
obj:4555,gravel,terrain,ground,./dat/objects.srv,P0,TODO,,,,SHARED_CANDIDATE:obj:105,NONE,NONE,NONE,
obj:4559,gravel,terrain,ground,./dat/objects.srv,P0,TODO,,,,SHARED_CANDIDATE:obj:105,NONE,NONE,NONE,
obj:4560,gravel,terrain,ground,./dat/objects.srv,P0,TODO,,,,SHARED_CANDIDATE:obj:105,NONE,NONE,NONE,
obj:4561,gravel,terrain,ground,./dat/objects.srv,P0,TODO,,,,SHARED_CANDIDATE:obj:105,NONE,NONE,NONE,
obj:4562,gravel,terrain,ground,./dat/objects.srv,P0,TODO,,,,SHARED_CANDIDATE:obj:105,NONE,NONE,NONE,
obj:4563,gravel,terrain,ground,./dat/objects.srv,P0,TODO,,,,SHARED_CANDIDATE:obj:105,NONE,NONE,NONE,
obj:4564,gravel,terrain,ground,./dat/objects.srv,P0,TODO,,,,SHARED_CANDIDATE:obj:105,NONE,NONE,NONE,
obj:4565,gravel,terrain,ground,./dat/objects.srv,P0,TODO,,,,SHARED_CANDIDATE:obj:105,NONE,NONE,NONE,
obj:4566,gravel,terrain,ground,./dat/objects.srv,P0,TODO,,,,SHARED_CANDIDATE:obj:105,NONE,NONE,NONE,
obj:4567,gravel,terrain,ground,./dat/objects.srv,P0,TODO,,,,SHARED_CANDIDATE:obj:105,NONE,NONE,NONE,
obj:4568,gravel,terrain,ground,./dat/objects.srv,P0,TODO,,,,SHARED_CANDIDATE:obj:105,NONE,NONE,NONE,
obj:4584,gravel,terrain,ground,./dat/objects.srv,P0,TODO,,,,SHARED_CANDIDATE:obj:105,NONE,NONE,NONE,
obj:4657,dirt,terrain,border,./dat/objects.srv,P0,TODO,,,,SHARED_CANDIDATE:obj:103,NONE,NONE,NONE,
obj:4658,dirt,terrain,border,./dat/objects.srv,P0,TODO,,,,SHARED_CANDIDATE:obj:103,NONE,NONE,NONE,
obj:4659,dirt,terrain,border,./dat/objects.srv,P0,TODO,,,,SHARED_CANDIDATE:obj:103,NONE,NONE,NONE,
obj:467,stairs,terrain,ground,./dat/objects.srv,P0,TODO,,,,ALIAS_OF:obj:451,NONE,NONE,NONE,
obj:4785,dirt floor,terrain,border,./dat/objects.srv,P0,TODO,,,,SHARED_CANDIDATE:obj:280,NONE,NONE,NONE,
obj:4786,dirt floor,terrain,border,./dat/objects.srv,P0,TODO,,,,SHARED_CANDIDATE:obj:280,NONE,NONE,NONE,
obj:4787,dirt floor,terrain,border,./dat/objects.srv,P0,TODO,,,,SHARED_CANDIDATE:obj:280,NONE,NONE,NONE,
obj:4788,dirt floor,terrain,border,./dat/objects.srv,P0,TODO,,,,SHARED_CANDIDATE:obj:280,NONE,NONE,NONE,
obj:4789,dirt floor,terrain,border,./dat/objects.srv,P0,TODO,,,,SHARED_CANDIDATE:obj:280,NONE,NONE,NONE,
obj:4790,dirt floor,terrain,border,./dat/objects.srv,P0,TODO,,,,SHARED_CANDIDATE:obj:280,NONE,NONE,NONE,
obj:4791,dirt floor,terrain,border,./dat/objects.srv,P0,TODO,,,,SHARED_CANDIDATE:obj:280,NONE,NONE,NONE,
obj:4792,dirt floor,terrain,border,./dat/objects.srv,P0,TODO,,,,SHARED_CANDIDATE:obj:280,NONE,NONE,NONE,
obj:4793,dirt floor,terrain,border,./dat/objects.srv,P0,TODO,,,,SHARED_CANDIDATE:obj:280,NONE,NONE,NONE,
obj:4794,dirt floor,terrain,border,./dat/objects.srv,P0,TODO,,,,SHARED_CANDIDATE:obj:280,NONE,NONE,NONE,
obj:4795,dirt floor,terrain,border,./dat/objects.srv,P0,TODO,,,,SHARED_CANDIDATE:obj:280,NONE,NONE,NONE,
obj:4796,dirt floor,terrain,border,./dat/objects.srv,P0,TODO,,,,SHARED_CANDIDATE:obj:280,NONE,NONE,NONE,
obj:4821,ploughed soil,terrain,ground,./dat/objects.srv,P0,TODO,,,,SHARED_CANDIDATE:obj:951,NONE,NONE,NONE,
obj:4822,ploughed soil,terrain,ground,./dat/objects.srv,P0,TODO,,,,SHARED_CANDIDATE:obj:951,NONE,NONE,NONE,
obj:602,a ramp,terrain,border,./dat/objects.srv,P0,TODO,,,,SHARED_CANDIDATE:obj:600,NONE,NONE,NONE,
obj:603,a ramp,terrain,border,./dat/objects.srv,P0,TODO,,,,SHARED_CANDIDATE:obj:600,NONE,NONE,NONE,
obj:604,a ramp,terrain,ground,./dat/objects.srv,P0,TODO,,,,SHARED_CANDIDATE:obj:600,NONE,NONE,NONE,
obj:870,cobbled pavement,terrain,ground,./dat/objects.srv,P0,TODO,,,,MESH,NONE,NONE,NONE,
obj:950,soil,terrain,ground,./dat/objects.srv,P0,TODO,,,,MESH,NONE,NONE,NONE,
obj:952,ploughed soil,terrain,ground,./dat/objects.srv,P0,TODO,,,,SHARED_CANDIDATE:obj:951,NONE,NONE,NONE,
obj:386,dirt floor,traversal,rope_spot,./dat/objects.srv,P0,TODO,,,,MESH,NONE,NONE,NONE,
obj:1930,a draw well,usable,liquid_source,./dat/objects.srv,P0,TODO,,,,MESH,NONE,NONE,NONE,
obj:1931,a draw well,usable,liquid_source,./dat/objects.srv,P0,TODO,,,,SHARED_CANDIDATE:obj:1930,NONE,NONE,NONE,
obj:2487,a bed,usable,interactable,./dat/objects.srv,P0,TODO,,,,MESH,NONE,NONE,NONE,
obj:2520,a water cask,usable,liquid_source,./dat/objects.srv,P0,TODO,,,,MESH,NONE,NONE,NONE,
obj:2522,a wine cask,usable,liquid_source,./dat/objects.srv,P0,TODO,,,,MESH,NONE,NONE,NONE,
obj:2524,a trough,usable,liquid_container,./dat/objects.srv,P0,TODO,,,,MESH,NONE,NONE,NONE,
obj:2772,a lever,usable,interactable,./dat/objects.srv,P0,TODO,,,,MESH,NONE,NONE,NONE,
obj:2873,a bucket,usable,liquid_container,./dat/objects.srv,P0,TODO,,,,MESH,NONE,NONE,NONE,
obj:2875,a bottle,usable,liquid_container,./dat/objects.srv,P0,TODO,,,,MESH,NONE,NONE,NONE,
obj:2893,an amphora,usable,liquid_container,./dat/objects.srv,P0,TODO,,,,MESH,NONE,NONE,NONE,
obj:3003,a rope,usable,interactable,./dat/objects.srv,P0,TODO,,,,MESH,NONE,NONE,NONE,
obj:3457,a shovel,usable,interactable,./dat/objects.srv,P0,TODO,,,,MESH,NONE,NONE,NONE,
obj:3465,a pot,usable,liquid_container,./dat/objects.srv,P0,TODO,,,,MESH,NONE,NONE,NONE,
obj:355,muddy floor,usable,liquid_source,./dat/objects.srv,P0,TODO,,,,MESH,NONE,NONE,NONE,
obj:3653,wheat,usable,interactable,./dat/objects.srv,P0,TODO,,,,MESH,NONE,NONE,NONE,
obj:4255,a dead rat,usable,liquid_source,./dat/objects.srv,P0,TODO,,,,MESH,NONE,NONE,NONE,
obj:4268,a dead wolf,usable,liquid_source,./dat/objects.srv,P0,TODO,,,,MESH,NONE,NONE,NONE,
obj:4301,a dead rabbit,usable,liquid_source,./dat/objects.srv,P0,TODO,,,,MESH,NONE,NONE,NONE,
obj:435,a sewer grate,usable,interactable,./dat/objects.srv,P0,TODO,,,,MESH,NONE,NONE,NONE,
obj:4597,shallow water,usable,liquid_source,./dat/objects.srv,P0,TODO,,,,SHARED_CANDIDATE:obj:618,NONE,NONE,NONE,
obj:4598,shallow water,usable,liquid_source,./dat/objects.srv,P0,TODO,,,,SHARED_CANDIDATE:obj:618,NONE,NONE,NONE,
obj:4599,shallow water,usable,liquid_source,./dat/objects.srv,P0,TODO,,,,SHARED_CANDIDATE:obj:618,NONE,NONE,NONE,
obj:4600,shallow water,usable,liquid_source,./dat/objects.srv,P0,TODO,,,,SHARED_CANDIDATE:obj:618,NONE,NONE,NONE,
obj:4601,shallow water,usable,liquid_source,./dat/objects.srv,P0,TODO,,,,SHARED_CANDIDATE:obj:618,NONE,NONE,NONE,
obj:4602,shallow water,usable,liquid_source,./dat/objects.srv,P0,TODO,,,,SHARED_CANDIDATE:obj:618,NONE,NONE,NONE,
obj:4633,shallow water,usable,liquid_source,./dat/objects.srv,P0,TODO,,,,SHARED_CANDIDATE:obj:618,NONE,NONE,NONE,
obj:4634,shallow water,usable,liquid_source,./dat/objects.srv,P0,TODO,,,,SHARED_CANDIDATE:obj:618,NONE,NONE,NONE,
obj:4635,shallow water,usable,liquid_source,./dat/objects.srv,P0,TODO,,,,SHARED_CANDIDATE:obj:618,NONE,NONE,NONE,
obj:4636,shallow water,usable,liquid_source,./dat/objects.srv,P0,TODO,,,,SHARED_CANDIDATE:obj:618,NONE,NONE,NONE,
obj:4637,shallow water,usable,liquid_source,./dat/objects.srv,P0,TODO,,,,SHARED_CANDIDATE:obj:618,NONE,NONE,NONE,
obj:4638,shallow water,usable,liquid_source,./dat/objects.srv,P0,TODO,,,,SHARED_CANDIDATE:obj:618,NONE,NONE,NONE,
obj:4639,shallow water,usable,liquid_source,./dat/objects.srv,P0,TODO,,,,SHARED_CANDIDATE:obj:618,NONE,NONE,NONE,
obj:4640,shallow water,usable,liquid_source,./dat/objects.srv,P0,TODO,,,,SHARED_CANDIDATE:obj:618,NONE,NONE,NONE,
obj:4641,shallow water,usable,liquid_source,./dat/objects.srv,P0,TODO,,,,SHARED_CANDIDATE:obj:618,NONE,NONE,NONE,
obj:4642,shallow water,usable,liquid_source,./dat/objects.srv,P0,TODO,,,,SHARED_CANDIDATE:obj:618,NONE,NONE,NONE,
obj:4643,shallow water,usable,liquid_source,./dat/objects.srv,P0,TODO,,,,SHARED_CANDIDATE:obj:618,NONE,NONE,NONE,
obj:4644,shallow water,usable,liquid_source,./dat/objects.srv,P0,TODO,,,,SHARED_CANDIDATE:obj:618,NONE,NONE,NONE,
obj:622,water,usable,liquid_source,./dat/objects.srv,P0,TODO,,,,MESH,NONE,NONE,NONE,
